L,precision,recall
0.1,0.837838,0.62
0.3,0.852941,0.58
0.5,0.84375,0.54
0.7,0.884615,0.46
0.9,0.928571,0.26
