L,precision,recall
0.1,0.864865,0.64
0.3,0.852941,0.58
0.5,0.866667,0.52
0.7,0.823529,0.28
0.9,0.714286,0.1
