L,precision,recall
0.1,0.810811,0.6
0.3,0.828571,0.58
0.5,0.84375,0.54
0.7,0.884615,0.46
0.9,0.9375,0.3
