C,precision,recall
5,0.866667,0.52
10,0.866667,0.52
20,0.862069,0.5
