C,precision,recall
10,0.866667,0.52
20,0.862069,0.5
30,0.862069,0.5
50,0.833333,0.4
100,0.8,0.32
